block_geoid,pop,hispanic,nh_white,nh_black,nh_aian,nh_asian,nh_nhpi,nh_other,nh_two_plus,hu_total,hu_occupied,hu_vacant,gq_total,gq_institutional,gq_noninstitutional
170318121001000,0,0,0,0,0,0,0,0,0,0,0,0,0,0,0
170318121001001,4,0,0,4,0,0,0,0,0,2,2,0,0,0,0
170318121001002,20,2,7,9,0,0,0,0,2,26,26,0,0,0,0
170318121001003,27,1,1,22,0,0,0,0,3,8,8,0,0,0,0
170318121001004,10,1,2,0,0,2,0,0,5,8,5,3,0,0,0
170318121001005,27,1,11,8,1,2,0,2,2,8,8,0,0,0,0
170318121001006,50,2,8,33,0,3,1,0,3,16,11,5,0,0,0
170318121001007,60,3,11,43,0,0,0,0,3,26,26,0,0,0,0
170318121001008,54,10,23,12,0,0,0,0,9,22,22,0,0,0,0
170318121001009,0,0,0,0,0,0,0,0,0,0,0,0,0,0,0
170318121001010,20,0,8,8,0,1,0,0,3,8,8,0,0,0,0
170318121001011,30,1,13,12,0,0,0,0,4,7,7,0,0,0,0
170318121001012,0,0,0,0,0,0,0,0,0,0,0,0,0,0,0
170318121001013,0,0,0,0,0,0,0,0,0,0,0,0,0,0,0
170318121001014,20,3,14,3,0,0,0,0,0,8,5,3,0,0,0
170318121001015,17,2,8,6,0,0,0,1,0,8,7,1,0,0,0
170318121001016,35,8,8,13,0,2,0,0,4,9,9,0,0,0,0
170318121001017,81,8,7,65,0,0,0,0,1,39,28,11,0,0,0
170318121001018,76,5,18,47,0,3,0,0,3,43,43,0,0,0,0
170318121001019,65,3,32,14,0,7,0,0,9,19,19,0,0,0,0
170318121001020,49,5,19,24,0,0,0,0,1,17,11,6,0,0,0
170318121001021,25,3,12,5,0,1,0,0,4,8,8,0,0,0,0
170318121001022,29,2,10,13,0,1,0,0,3,11,5,6,0,0,0
170318121001023,24,1,14,9,0,0,0,0,0,10,10,0,0,0,0
170318121001024,47,3,23,13,0,1,0,0,7,10,10,0,0,0,0
170318121001025,61,5,44,5,0,5,0,0,2,20,20,0,0,0,0
170318121001026,76,7,45,21,0,0,0,1,2,20,20,0,0,0,0
170318121001027,55,3,32,15,0,0,0,0,5,20,20,0,0,0,0
170318121002000,74,2,7,62,0,2,0,0,1,35,35,0,0,0,0
170318121002001,69,7,26,23,0,1,0,0,12,21,14,7,0,0,0
170318121002002,49,2,24,18,0,0,0,0,5,19,19,0,0,0,0
170318121002003,55,13,32,4,0,0,0,0,6,17,17,0,0,0,0
170318121002004,43,12,24,3,0,3,0,0,1,18,18,0,0,0,0
170318121002005,41,4,28,6,0,2,0,0,1,18,18,0,0,0,0
170318121002006,23,3,14,0,0,2,0,0,4,5,5,0,0,0,0
170318121002007,56,12,32,5,0,3,0,0,4,19,16,3,0,0,0
170318121002008,41,2,29,9,0,1,0,0,0,18,15,3,0,0,0
170318121002009,62,0,33,21,0,3,0,0,5,18,18,0,0,0,0
170318121002010,44,5,33,1,0,5,0,0,0,17,17,0,0,0,0
170318121002011,93,2,16,74,0,0,0,0,1,43,43,0,0,0,0
170318121002012,148,3,33,103,0,5,0,1,3,64,64,0,0,0,0
170318121002013,48,7,25,9,0,2,0,0,5,16,16,0,0,0,0
170318121002014,46,7,31,6,0,0,0,0,2,16,16,0,0,0,0
170318121002015,40,5,25,9,0,1,0,0,0,14,14,0,0,0,0
170318121002016,53,0,35,12,0,0,0,0,6,20,20,0,0,0,0
170318121002017,46,4,30,1,0,2,0,0,9,17,17,0,0,0,0
170318121003000,62,0,49,8,0,3,0,0,2,19,19,0,0,0,0
170318121003001,39,2,25,9,0,3,0,0,0,14,5,9,0,0,0
170318121003002,31,3,20,3,0,2,0,0,3,14,14,0,0,0,0
170318121003003,49,11,28,2,0,3,0,3,2,17,17,0,0,0,0
170318121003004,40,8,21,2,0,1,0,0,8,7,7,0,0,0,0
170318121003005,57,1,37,4,0,10,0,0,5,16,16,0,0,0,0
170318121003006,47,8,36,2,0,0,0,0,1,15,15,0,0,0,0
170318121003007,92,2,74,13,0,0,0,0,3,30,29,1,0,0,0
170318121003008,97,15,69,0,0,9,0,1,3,31,31,0,0,0,0
170318121003009,98,5,83,2,0,0,0,0,8,41,41,0,0,0,0
170318121003010,114,10,90,11,0,0,0,2,1,35,35,0,0,0,0
170318121003011,95,7,61,15,0,3,0,0,9,49,49,0,0,0,0
170318121003012,262,10,93,140,0,6,0,0,13,140,132,8,0,0,0
170318121004000,47,5,22,7,0,12,0,0,1,17,17,0,0,0,0
170318121004001,52,5,30,13,0,2,0,0,2,17,15,2,0,0,0
170318121004002,48,7,31,3,0,1,0,0,6,17,17,0,0,0,0
170318121004003,61,1,37,7,0,8,0,0,8,17,17,0,0,0,0
170318121004004,52,3,37,6,0,4,0,0,2,17,13,4,0,0,0
170318121004005,63,4,38,7,0,0,0,0,14,17,12,5,0,0,0
170318121004006,59,3,31,21,0,0,0,0,4,20,11,9,0,0,0
170318121004007,38,5,10,18,0,3,0,0,2,21,21,0,0,0,0
170318121004008,39,1,19,11,0,4,0,3,1,16,11,5,0,0,0
170318121004009,48,7,34,0,0,1,0,0,6,16,16,0,0,0,0
170318121004010,97,10,70,12,0,1,1,0,3,37,37,0,0,0,0
170318121004011,42,4,27,6,0,0,0,1,4,17,17,0,0,0,0
170318121004012,45,1,36,0,0,0,0,2,6,18,18,0,0,0,0
170318121004013,52,4,28,0,0,4,0,0,16,17,17,0,0,0,0
170318121004014,35,2,25,2,0,5,0,0,1,15,15,0,0,0,0
170318121004015,34,2,25,0,0,2,0,1,4,17,17,0,0,0,0
170318121004016,52,6,38,6,0,0,0,0,2,17,17,0,0,0,0
170318121005000,33,1,0,29,0,0,0,1,2,12,12,0,0,0,0
170318121005001,23,6,15,0,0,2,0,0,0,8,8,0,0,0,0
170318121005002,47,3,34,6,0,0,0,0,4,11,11,0,0,0,0
170318121005003,21,3,13,4,0,1,0,0,0,8,8,0,0,0,0
170318121005004,35,4,20,8,0,0,0,0,3,8,8,0,0,0,0
170318121005005,18,2,5,11,0,0,0,0,0,8,8,0,0,0,0
170318121005006,30,0,27,1,0,0,0,1,1,8,8,0,0,0,0
170318121005007,21,4,10,4,0,0,0,0,3,8,8,0,0,0,0
170318121005008,29,1,15,6,0,6,0,0,1,11,11,0,0,0,0
170318121005009,39,2,26,10,0,0,0,1,0,13,13,0,0,0,0
170318121005010,25,0,7,7,0,6,0,2,3,8,8,0,0,0,0
170318121005011,41,0,19,18,2,1,0,0,1,8,8,0,0,0,0
170318121005012,0,0,0,0,0,0,0,0,0,0,0,0,0,0,0
170318121005013,0,0,0,0,0,0,0,0,0,0,0,0,0,0,0
170318121005014,41,1,19,10,0,6,0,0,5,10,10,0,0,0,0
170318121005015,32,1,23,5,0,0,0,1,2,12,12,0,0,0,0
170318121005016,25,0,14,9,0,0,0,2,0,10,10,0,0,0,0
170318121005017,53,4,32,12,0,0,0,0,5,20,20,0,0,0,0
170318121005018,45,4,28,5,0,6,0,0,2,19,19,0,0,0,0
170318121005019,48,9,23,15,0,0,0,0,1,20,20,0,0,0,0
170318121005020,45,8,24,11,0,0,0,0,2,19,19,0,0,0,0
170318121005021,43,4,24,14,0,0,0,0,1,12,11,1,0,0,0
170318121005022,64,2,51,4,1,0,0,0,6,20,20,0,0,0,0
170318121005023,0,0,0,0,0,0,0,0,0,0,0,0,0,0,0
170318121005024,39,5,24,6,1,0,0,0,3,12,12,0,0,0,0
170318121005025,26,4,14,3,0,0,1,0,4,9,9,0,0,0,0
170318122001000,0,0,0,0,0,0,0,0,0,0,0,0,0,0,0
170318122001001,0,0,0,0,0,0,0,0,0,0,0,0,0,0,0
170318122001002,10,0,4,6,0,0,0,0,0,3,3,0,0,0,0
170318122001003,16,1,3,2,0,2,0,0,8,9,9,0,0,0,0
170318122001004,4,0,2,1,0,0,0,0,1,3,3,0,0,0,0
170318122001005,0,0,0,0,0,0,0,0,0,0,0,0,0,0,0
170318122001006,11,3,6,0,0,0,0,0,2,1,1,0,0,0,0
170318122001007,29,2,13,14,0,0,0,0,0,11,9,2,0,0,0
170318122001008,44,1,21,9,0,5,0,1,7,12,11,1,0,0,0
170318122001009,27,3,23,0,0,0,0,0,1,11,11,0,0,0,0
170318122001010,35,0,28,6,0,0,0,0,1,11,11,0,0,0,0
170318122001011,35,3,16,16,0,0,0,0,0,11,11,0,0,0,0
170318122001012,22,0,19,2,0,0,0,0,1,11,6,5,0,0,0
170318122001013,32,1,19,10,0,0,0,0,2,10,10,0,0,0,0
170318122001014,31,4,22,0,0,1,0,0,4,10,10,0,0,0,0
170318122001015,43,5,25,13,0,0,0,0,0,12,12,0,0,0,0
170318122001016,33,4,19,5,0,5,0,0,0,12,12,0,0,0,0
170318122001017,16,0,16,0,0,0,0,0,0,12,12,0,0,0,0
170318122001018,33,3,27,0,0,0,0,0,3,12,12,0,0,0,0
170318122001019,36,0,29,2,0,2,0,0,3,12,12,0,0,0,0
170318122001020,39,1,34,2,0,0,0,0,2,11,11,0,0,0,0
170318122001021,25,2,16,2,0,3,0,0,2,10,10,0,0,0,0
170318122001022,55,2,38,6,0,6,0,1,2,19,19,0,0,0,0
170318122001023,17,3,4,4,0,0,0,1,5,9,5,4,0,0,0
170318122001024,22,1,15,4,0,0,0,0,2,9,9,0,0,0,0
170318122001025,39,2,19,14,0,0,0,0,4,9,9,0,0,0,0
170318122001026,21,3,15,1,0,0,0,0,2,9,9,0,0,0,0
170318122001027,34,2,29,0,0,2,0,1,0,10,10,0,0,0,0
170318122001028,33,1,27,5,0,0,0,0,0,10,10,0,0,0,0
170318122001029,25,1,24,0,0,0,0,0,0,11,11,0,0,0,0
170318122001030,24,2,11,6,0,0,0,0,5,10,10,0,0,0,0
170318122001031,35,0,24,2,0,2,0,0,7,9,9,0,0,0,0
170318122001032,35,0,34,1,0,0,0,0,0,11,11,0,0,0,0
170318122001033,10,0,6,2,0,0,0,0,2,7,7,0,0,0,0
170318122001034,38,0,32,3,0,3,0,0,0,10,10,0,0,0,0
170318122001035,26,0,22,4,0,0,0,0,0,10,10,0,0,0,0
170318122001036,48,3,38,6,0,0,0,1,0,10,10,0,0,0,0
170318122001037,22,1,16,2,0,3,0,0,0,10,10,0,0,0,0
170318122002000,15,0,12,3,0,0,0,0,0,4,4,0,0,0,0
170318122002001,82,3,67,9,0,2,0,0,1,32,32,0,0,0,0
170318122002002,42,1,37,4,0,0,0,0,0,14,14,0,0,0,0
170318122002003,38,5,30,1,0,2,0,0,0,12,12,0,0,0,0
170318122002004,43,1,41,0,0,0,0,0,1,12,12,0,0,0,0
170318122002005,26,0,24,0,0,0,0,0,2,13,13,0,0,0,0
170318122002006,44,0,35,3,0,3,0,0,3,13,9,4,0,0,0
170318122002007,43,6,34,1,0,0,0,0,2,9,9,0,0,0,0
170318122002008,20,2,15,0,0,0,0,0,3,5,5,0,4,0,0
170318122002009,30,2,21,1,0,0,0,1,5,13,13,0,0,0,0
170318122002010,34,0,28,3,0,3,0,0,0,13,13,0,0,0,0
170318122002011,49,3,39,2,0,5,0,0,0,12,12,0,0,0,0
170318122002012,27,0,15,11,0,0,0,0,1,12,12,0,0,0,0
170318122002013,30,5,21,3,0,1,0,0,0,12,12,0,0,0,0
170318122002014,19,1,14,2,0,0,0,0,2,2,2,0,0,0,0
170318122002015,56,1,38,3,0,12,0,0,2,24,24,0,0,0,0
170318122002016,24,1,12,2,1,1,0,0,7,7,7,0,0,0,0
170318122002017,0,0,0,0,0,0,0,0,0,0,0,0,0,0,0
170318122002018,38,2,34,0,0,2,0,0,0,12,12,0,0,0,0
170318122002019,35,2,24,0,0,0,0,0,9,12,12,0,0,0,0
170318122002020,36,5,21,0,0,6,0,0,4,12,12,0,0,0,0
170318122002021,31,7,20,0,0,3,0,0,1,12,12,0,0,0,0
170318122002022,32,0,23,7,0,1,0,0,1,12,12,0,0,0,0
170318122002023,29,0,29,0,0,0,0,0,0,12,12,0,0,0,0
170318122002024,38,4,33,0,0,0,0,0,1,11,11,0,0,0,0
170318122003000,80,2,64,2,0,2,0,0,10,26,26,0,0,0,0
170318122003001,35,2,31,2,0,0,0,0,0,12,12,0,0,0,0
170318122003002,49,8,35,2,0,3,0,0,1,12,12,0,0,0,0
170318122003003,47,1,31,9,0,2,0,0,4,12,12,0,0,0,0
170318122003004,45,4,22,2,0,11,0,0,6,12,12,0,0,0,0
170318122003005,0,0,0,0,0,0,0,0,0,0,0,0,0,0,0
170318122003006,50,0,47,1,0,1,0,0,1,12,12,0,0,0,0
170318122003007,33,1,20,10,0,2,0,0,0,12,12,0,0,0,0
170318122003008,27,0,26,0,0,0,0,0,1,11,11,0,0,0,0
170318122003009,51,1,43,0,0,0,0,0,7,12,12,0,0,0,0
170318122003010,50,2,41,5,0,0,0,0,2,12,12,0,0,0,0
170318122003011,43,2,31,2,0,7,0,0,1,12,12,0,0,0,0
170318122003012,73,5,65,2,0,1,0,0,0,24,24,0,0,0,0
170318122003013,46,4,21,9,0,8,0,0,4,13,13,0,0,0,0
170318122003014,94,6,45,42,0,0,0,0,1,71,71,0,0,0,0
170318122003015,54,15,28,5,0,1,0,1,4,35,35,0,0,0,0
170318122003016,53,6,34,3,0,5,0,0,5,13,11,2,0,0,0
170318122003017,82,0,67,3,0,6,0,0,6,25,23,2,0,0,0
170318122003018,67,1,54,0,0,11,0,0,1,27,25,2,0,0,0
170318122003019,24,1,18,0,0,0,0,0,5,11,11,0,0,0,0
170318122003020,0,0,0,0,0,0,0,0,0,0,0,0,0,0,0
170318122003021,0,0,0,0,0,0,0,0,0,0,0,0,0,0,0
170318122003022,38,2,18,5,0,11,0,0,2,12,12,0,0,0,0
170318122003023,24,8,12,0,1,0,0,0,3,11,11,0,0,0,0
170318122003024,38,5,22,3,0,6,0,0,2,12,12,0,0,0,0
170318122003025,35,3,31,0,0,1,0,0,0,12,12,0,0,0,0
170318122003026,52,0,50,0,0,0,0,0,2,24,24,0,0,0,0
170318122004000,7,3,1,0,0,2,0,0,1,1,1,0,0,0,0
170318122004001,0,0,0,0,0,0,0,0,0,0,0,0,0,0,0
170318122004002,3,3,0,0,0,0,0,0,0,1,0,1,0,0,0
170318122004003,55,1,28,18,0,4,0,0,4,17,17,0,0,0,0
170318122004004,0,0,0,0,0,0,0,0,0,0,0,0,0,0,0
170318122004005,56,4,7,44,0,1,0,0,0,5,5,0,51,51,0
170318122004006,21,3,8,5,0,0,0,1,4,14,10,4,0,0,0
170318122004007,6,5,0,0,0,0,0,0,1,2,2,0,0,0,0
170318122004008,51,6,37,0,0,5,0,2,1,18,18,0,0,0,0
170318122004009,8,3,2,2,0,0,0,0,1,1,1,0,0,0,0
170318122004010,0,0,0,0,0,0,0,0,0,0,0,0,0,0,0
170318122004011,29,8,11,4,0,4,0,0,2,18,8,10,0,0,0
170318122004012,33,5,23,0,0,0,0,0,5,12,12,0,0,0,0
170318122004013,39,5,24,4,1,4,0,0,1,8,8,0,0,0,0
170318122004014,35,4,19,3,0,3,0,0,6,8,8,0,0,0,0
170318122004015,30,1,25,3,0,1,0,0,0,12,12,0,0,0,0
170318122004016,39,1,35,2,0,1,0,0,0,12,12,0,0,0,0
170318122004017,0,0,0,0,0,0,0,0,0,0,0,0,0,0,0
170318122004018,48,3,38,0,0,2,0,0,5,12,10,2,0,0,0
170318122004019,38,5,20,4,0,4,0,0,5,12,12,0,0,0,0
170318122004020,29,7,18,1,0,0,0,0,3,8,8,0,0,0,0
170318122004021,14,1,10,0,0,0,0,0,3,9,5,4,0,0,0
170318122004022,15,4,4,3,0,4,0,0,0,9,7,2,0,0,0
170318122004023,31,0,24,5,0,0,0,0,2,11,11,0,0,0,0
170318122004024,39,6,19,9,0,1,0,0,4,11,8,3,0,0,0
170318122004025,40,1,33,1,0,3,0,0,2,11,11,0,0,0,0
170318122004026,24,0,8,13,0,2,0,0,1,11,11,0,0,0,0
170318122004027,24,0,21,3,0,0,0,0,0,12,12,0,0,0,0
170318122004028,21,0,19,0,0,0,0,0,2,12,12,0,0,0,0
170318122004029,30,4,15,5,0,1,0,0,5,9,9,0,0,0,0
170318122004030,22,1,21,0,0,0,0,0,0,9,9,0,0,0,0
170318122004031,28,0,26,0,0,1,0,0,1,12,12,0,0,0,0
170318122004032,113,6,57,46,0,0,0,0,4,63,63,0,0,0,0
170318123011000,294,13,226,16,0,29,0,0,10,192,175,17,0,0,0
170318123011001,51,2,32,4,0,13,0,0,0,11,10,1,0,0,0
170318123011002,29,4,15,4,0,2,0,0,4,7,0,7,0,0,0
170318123011003,82,28,42,0,0,8,0,2,2,40,40,0,0,0,0
170318123011004,62,9,32,10,0,5,1,2,3,40,40,0,0,0,0
170318123011005,119,12,62,17,0,24,0,0,4,61,61,0,0,0,0
170318123011006,86,24,51,9,0,0,0,0,2,54,29,25,0,0,0
170318123011007,58,14,28,14,0,0,0,0,2,40,40,0,0,0,0
170318123011008,24,5,8,3,0,1,0,0,7,5,5,0,0,0,0
170318123012000,111,15,47,39,0,0,0,0,10,54,51,3,0,0,0
170318123012001,528,20,320,94,0,68,0,0,26,386,336,50,0,0,0
170318123012002,229,24,157,21,0,16,0,1,10,331,122,209,0,0,0
170318123012003,368,29,208,48,0,66,0,0,17,253,237,16,0,0,0
170318123012004,200,8,169,20,0,0,0,0,3,181,181,0,0,0,0
170318123012005,105,8,45,40,0,4,0,0,8,111,90,21,0,0,0
170318123012006,674,67,346,161,0,63,0,3,34,439,388,51,25,0,0
170318123012007,0,0,0,0,0,0,0,0,0,0,0,0,0,0,0
170318123012008,0,0,0,0,0,0,0,0,0,0,0,0,0,0,0
170318123012009,379,36,230,32,0,63,0,4,14,277,276,1,0,0,0
170318123012010,75,8,42,12,0,11,0,1,1,44,44,0,0,0,0
170318123012011,0,0,0,0,0,0,0,0,0,0,0,0,0,0,0
170318123012012,0,0,0,0,0,0,0,0,0,0,0,0,0,0,0
170318123012013,0,0,0,0,0,0,0,0,0,0,0,0,0,0,0
170318123012014,0,0,0,0,0,0,0,0,0,0,0,0,0,0,0
170318123012015,0,0,0,0,0,0,0,0,0,0,0,0,0,0,0
170318123012016,0,0,0,0,0,0,0,0,0,0,0,0,0,0,0
170318123012017,0,0,0,0,0,0,0,0,0,0,0,0,0,0,0
170318123012018,0,0,0,0,0,0,0,0,0,0,0,0,0,0,0
170318123013000,192,20,139,21,0,9,0,0,3,128,113,15,0,0,0
170318123013001,137,24,93,5,0,10,0,0,5,87,76,11,0,0,0
170318123013002,181,15,123,32,0,4,0,2,5,129,127,2,0,0,0
170318123013003,12,5,4,0,0,0,0,0,3,3,3,0,0,0,0
170318123013004,104,12,68,2,0,15,0,0,7,56,56,0,0,0,0
170318123013005,0,0,0,0,0,0,0,0,0,0,0,0,0,0,0
170318123013006,74,5,48,7,0,0,0,3,11,31,31,0,0,0,0
170318123013007,84,7,62,3,0,8,0,2,2,32,32,0,0,0,0
170318123013008,171,14,119,16,0,18,0,0,4,105,87,18,0,0,0
170318123013009,43,4,34,2,0,0,0,0,3,28,25,3,0,0,0
170318123013010,163,11,61,74,0,11,1,2,3,94,94,0,0,0,0
170318123013011,30,5,17,4,0,1,0,0,3,21,21,0,0,0,0
170318123013012,0,0,0,0,0,0,0,0,0,0,0,0,0,0,0
170318123013013,0,0,0,0,0,0,0,0,0,0,0,0,0,0,0
170318123013014,0,0,0,0,0,0,0,0,0,0,0,0,0,0,0
170318123013015,151,8,81,26,0,30,0,1,5,78,73,5,0,0,0
170318123013016,162,19,59,59,0,20,0,0,5,123,106,17,0,0,0
170318123013017,0,0,0,0,0,0,0,0,0,0,0,0,0,0,0
170318123021000,39,3,27,7,0,0,0,0,2,13,13,0,0,0,0
170318123021001,49,9,36,2,0,0,0,0,2,13,13,0,0,0,0
170318123021002,74,1,53,19,0,0,0,0,1,28,28,0,0,0,0
170318123021003,103,9,66,13,0,8,0,0,7,35,27,8,0,0,0
170318123021004,89,3,62,15,0,2,0,1,6,36,34,2,0,0,0
170318123021005,88,2,60,16,0,8,0,0,2,57,52,5,0,0,0
170318123021006,163,12,78,54,0,10,0,0,9,82,69,13,0,0,0
170318123021007,100,19,62,4,0,0,0,1,14,33,31,2,0,0,0
170318123021008,74,8,47,4,0,1,0,0,14,23,23,0,6,6,0
170318123021009,69,7,54,2,0,3,0,0,3,28,28,0,0,0,0
170318123021010,32,5,21,0,0,0,0,0,6,14,14,0,0,0,0
170318123021011,42,4,36,0,0,2,0,0,0,15,11,4,0,0,0
170318123021012,37,4,26,0,0,4,0,0,3,9,9,0,0,0,0
170318123022000,139,20,106,3,0,0,0,0,10,52,52,0,0,0,0
170318123022001,172,12,137,6,0,10,0,1,6,66,66,0,0,0,0
170318123022002,152,21,112,8,0,3,0,0,8,52,52,0,0,0,0
170318123022003,200,8,134,19,0,22,0,0,17,97,97,0,0,0,0
170318123022004,36,0,11,5,0,8,0,8,4,6,6,0,0,0,0
170318123022005,35,1,27,0,0,5,0,0,2,15,15,0,0,0,0
170318123022006,26,0,17,0,0,0,0,0,9,9,9,0,0,0,0
170318123022007,29,2,19,3,0,0,0,0,5,11,9,2,0,0,0
170318123022008,26,7,5,6,0,6,0,0,2,5,5,0,0,0,0
170318123022009,44,7,33,0,0,2,0,0,2,11,11,0,0,0,0
170318123022010,55,6,37,11,0,1,0,0,0,42,35,7,0,0,0
170318123022011,94,2,51,18,0,17,0,0,6,43,43,0,0,0,0
170318123022012,35,4,23,8,0,0,0,0,0,19,19,0,0,0,0
170318123023000,87,1,65,7,0,6,0,0,8,29,29,0,0,0,0
170318123023001,114,5,80,16,0,0,0,2,11,52,43,9,0,0,0
170318123023002,52,0,38,6,0,6,0,0,2,25,25,0,0,0,0
170318123023003,19,2,7,0,0,0,0,0,10,6,6,0,0,0,0
170318123023004,53,2,35,13,0,0,0,0,3,22,22,0,0,0,0
170318123023005,83,10,32,39,0,0,0,1,1,44,40,4,0,0,0
170318123023006,68,9,54,0,0,0,0,1,4,31,31,0,0,0,0
170318123023007,38,1,33,0,0,1,0,0,3,28,28,0,0,0,0
170318123023008,66,3,45,17,0,1,0,0,0,28,23,5,0,0,0
170318123023009,99,11,67,11,0,7,0,0,3,51,42,9,0,0,0
170318124001000,66,5,51,0,0,9,0,0,1,19,19,0,0,0,0
170318124001001,26,0,21,0,0,4,0,0,1,13,11,2,0,0,0
170318124001002,39,1,31,2,0,2,0,0,3,13,13,0,0,0,0
170318124001003,39,2,33,0,0,3,0,0,1,12,8,4,0,0,0
170318124001004,38,0,27,5,0,1,0,0,5,13,13,0,0,0,0
170318124001005,43,4,37,0,0,2,0,0,0,15,15,0,0,0,0
170318124001006,54,4,44,1,0,2,0,0,3,15,15,0,0,0,0
170318124001007,32,0,30,0,0,0,0,0,2,9,9,0,0,0,0
170318124001008,31,1,27,0,0,0,0,2,1,10,10,0,0,0,0
170318124001009,84,6,66,4,0,7,0,0,1,26,26,0,0,0,0
170318124001010,21,0,14,0,0,3,0,0,4,11,11,0,0,0,0
170318124001011,30,0,26,4,0,0,0,0,0,11,11,0,0,0,0
170318124001012,32,3,22,1,0,2,0,0,4,12,12,0,0,0,0
170318124001013,49,1,43,0,0,5,0,0,0,12,12,0,0,0,0
170318124001014,19,5,12,0,0,0,0,0,2,10,10,0,0,0,0
170318124001015,29,1,26,1,0,1,0,0,0,12,12,0,0,0,0
170318124001016,31,3,27,0,0,0,0,0,1,11,11,0,0,0,0
170318124001017,39,3,27,0,0,4,0,3,2,12,12,0,0,0,0
170318124001018,42,2,32,2,0,3,0,0,3,15,15,0,0,0,0
170318124001019,39,0,37,0,0,1,0,0,1,11,11,0,0,0,0
170318124001020,38,2,26,0,0,2,0,1,7,10,10,0,0,0,0
170318124001021,20,2,15,0,0,2,0,1,0,8,8,0,0,0,0
170318124001022,20,2,18,0,0,0,0,0,0,4,4,0,0,0,0
170318124001023,27,1,25,0,0,0,0,0,1,9,9,0,0,0,0
170318124001024,37,7,17,4,0,0,0,0,9,10,9,1,0,0,0
170318124001025,35,1,26,0,0,4,0,0,4,9,9,0,0,0,0
170318124001026,25,2,23,0,0,0,0,0,0,9,9,0,0,0,0
170318124001027,42,2,17,21,0,0,0,0,2,20,17,3,0,0,0
170318124001028,40,1,27,11,0,0,0,0,1,13,12,1,0,0,0
170318124001029,25,0,23,0,0,0,0,1,1,9,9,0,0,0,0
170318124001030,30,2,24,2,0,2,0,0,0,9,9,0,0,0,0
170318124001031,36,1,13,7,0,11,0,0,4,9,9,0,0,0,0
170318124001032,29,1,19,8,0,1,0,0,0,7,7,0,0,0,0
170318124001033,31,0,20,4,0,5,0,0,2,10,10,0,0,0,0
170318124001034,0,0,0,0,0,0,0,0,0,0,0,0,0,0,0
170318124001035,33,1,23,0,0,0,0,0,9,8,0,8,0,0,0
170318124001036,22,0,16,0,0,2,0,0,4,10,10,0,0,0,0
170318124001037,31,0,28,0,0,0,0,0,3,11,11,0,0,0,0
170318124001038,42,0,38,2,0,1,0,0,1,11,11,0,0,0,0
170318124002000,31,4,18,5,0,2,0,0,2,12,12,0,0,0,0
170318124002001,34,1,29,0,0,4,0,0,0,16,16,0,0,0,0
170318124002002,57,1,43,13,0,0,0,0,0,21,21,0,0,0,0
170318124002003,54,4,32,0,0,7,0,0,11,21,17,4,0,0,0
170318124002004,42,0,40,2,0,0,0,0,0,18,18,0,0,0,0
170318124002005,132,8,109,0,0,11,0,0,4,45,45,0,0,0,0
170318124002006,244,12,182,22,0,24,0,1,3,136,136,0,0,0,0
170318124002007,40,4,21,4,0,6,0,0,5,21,21,0,0,0,0
170318124002008,26,4,17,1,0,2,0,1,1,6,1,5,6,0,0
170318124002009,27,2,22,1,0,1,0,0,1,10,10,0,0,0,0
170318124002010,24,0,20,0,0,3,0,0,1,10,10,0,0,0,0
170318124002011,21,0,18,0,0,1,0,0,2,7,7,0,0,0,0
170318124002012,34,3,26,0,0,4,0,0,1,7,7,0,0,0,0
170318124002013,32,2,24,5,0,0,0,0,1,8,8,0,0,0,0
170318124002014,40,8,30,0,0,0,0,2,0,29,29,0,0,0,0
170318124002015,3,2,0,0,0,1,0,0,0,1,0,1,0,0,0
170318124002016,31,8,22,0,0,0,0,0,1,8,4,4,0,0,0
170318124002017,46,0,23,7,0,8,0,0,8,26,24,2,0,0,0
170318124002018,63,3,56,1,0,2,0,0,1,53,42,11,0,0,0
170318124002019,43,5,31,0,0,3,0,0,4,9,9,0,0,0,0
170318124003000,40,0,36,0,0,0,0,0,4,12,12,0,0,0,0
170318124003001,38,0,29,0,0,0,0,0,9,13,13,0,0,0,0
170318124003002,49,3,40,1,0,3,0,0,2,13,13,0,0,0,0
170318124003003,40,1,38,0,0,0,0,0,1,13,13,0,0,0,0
170318124003004,42,1,31,2,0,2,0,0,6,13,12,1,0,0,0
170318124003005,38,0,26,9,0,1,0,0,2,13,13,0,0,0,0
170318124003006,42,4,33,3,0,0,0,1,1,13,13,0,0,0,0
170318124003007,47,9,33,3,0,0,0,0,2,13,13,0,0,0,0
170318124003008,28,1,25,1,0,0,0,0,1,12,12,0,0,0,0
170318124003009,48,0,44,1,0,1,0,0,2,13,13,0,0,0,0
170318124003010,39,1,33,4,0,0,0,0,1,14,14,0,0,0,0
170318124003011,34,1,27,0,0,0,0,0,6,12,12,0,0,0,0
170318124003012,61,3,53,1,0,0,0,0,4,14,14,0,0,0,0
170318124003013,30,0,26,0,0,1,0,0,3,14,14,0,0,0,0
170318124003014,56,6,41,2,0,7,0,0,0,19,19,0,0,0,0
170318124003015,33,1,28,1,0,1,0,1,1,11,10,1,0,0,0
170318124003016,59,1,43,3,0,8,0,2,2,25,25,0,0,0,0
170318124003017,18,3,10,0,0,3,0,0,2,6,6,0,0,0,0
170318124003018,28,2,22,0,0,0,0,2,2,10,3,7,0,0,0
170318124003019,31,2,21,0,0,4,0,0,4,9,9,0,0,0,0
170318124003020,26,1,21,0,0,0,0,0,4,10,10,0,0,0,0
170318124003021,35,2,30,0,0,1,0,0,2,13,13,0,0,0,0
170318124003022,18,0,13,2,0,1,0,0,2,13,12,1,0,0,0
170318124003023,52,2,44,0,0,2,0,0,4,18,18,0,0,0,0
170318124003024,79,1,62,12,0,4,0,0,0,26,23,3,0,0,0
170318124003025,77,3,66,0,0,0,0,3,5,24,24,0,0,0,0
170318125001000,106,3,13,85,0,3,0,0,2,50,50,0,0,0,0
170318125001001,94,4,63,24,0,3,0,0,0,49,47,2,0,0,0
170318125001002,54,8,20,21,0,3,0,0,2,20,11,9,0,0,0
170318125001003,23,0,18,2,0,0,0,0,3,10,10,0,0,0,0
170318125001004,40,0,22,17,0,0,0,1,0,18,18,0,0,0,0
170318125001005,42,10,8,19,0,5,0,0,0,24,19,5,0,0,0
170318125001006,36,4,5,27,0,0,0,0,0,24,24,0,0,0,0
170318125001007,18,1,6,10,0,0,0,0,1,8,7,1,0,0,0
170318125001008,84,13,30,36,0,0,0,1,4,31,31,0,11,0,0
170318125001009,99,4,24,57,0,10,0,2,2,69,53,16,0,0,0
170318125001010,34,0,30,0,0,0,0,0,4,12,12,0,0,0,0
170318125001011,39,2,31,1,0,0,0,0,5,12,5,7,0,0,0
170318125001012,24,2,16,0,0,6,0,0,0,11,11,0,0,0,0
170318125001013,35,7,18,5,0,0,0,0,5,11,11,0,0,0,0
170318125001014,32,4,28,0,0,0,0,0,0,13,13,0,0,0,0
170318125001015,69,3,40,16,0,10,0,0,0,53,39,14,0,0,0
170318125001016,32,0,21,10,0,0,0,0,1,16,16,0,0,0,0
170318125001017,12,5,3,0,0,0,0,0,4,3,2,1,0,0,0
170318125001018,29,4,8,14,0,0,0,0,3,17,17,0,0,0,0
170318125001019,127,1,18,106,0,0,0,0,2,84,78,6,0,0,0
170318125002000,12,2,0,10,0,0,0,0,0,0,0,0,12,12,0
170318125002001,32,2,23,0,0,4,0,0,3,11,8,3,0,0,0
170318125002002,30,6,19,2,0,0,0,0,3,10,10,0,0,0,0
170318125002003,38,3,29,0,0,2,0,0,4,14,14,0,0,0,0
170318125002004,33,5,25,2,0,1,0,0,0,15,15,0,0,0,0
170318125002005,53,7,28,4,0,7,0,0,7,16,16,0,0,0,0
170318125002006,52,4,38,0,0,2,0,0,8,12,12,0,0,0,0
170318125002007,61,13,46,1,0,0,0,0,1,17,17,0,0,0,0
170318125002008,140,11,78,36,0,8,0,0,7,100,92,8,0,0,0
170318125002009,252,22,65,146,0,14,0,2,3,172,169,3,0,0,0
170318125002010,6,4,0,0,0,0,0,0,2,1,1,0,0,0,0
170318125002011,64,1,22,33,0,5,0,0,3,49,44,5,0,0,0
170318125002012,53,6,32,9,0,0,0,0,6,20,20,0,0,0,0
170318125002013,0,0,0,0,0,0,0,0,0,0,0,0,0,0,0
170318125002014,0,0,0,0,0,0,0,0,0,0,0,0,0,0,0
170318125002015,0,0,0,0,0,0,0,0,0,0,0,0,0,0,0
170318125002016,0,0,0,0,0,0,0,0,0,0,0,0,0,0,0
170318125002017,0,0,0,0,0,0,0,0,0,0,0,0,0,0,0
170318125003000,34,1,32,0,0,0,0,1,0,9,9,0,0,0,0
170318125003001,35,8,25,1,0,1,0,0,0,10,10,0,0,0,0
170318125003002,16,2,9,2,0,3,0,0,0,3,3,0,0,0,0
170318125003003,39,4,31,2,0,0,0,0,2,13,13,0,0,0,0
170318125003004,43,11,27,0,0,2,0,0,3,11,9,2,0,0,0
170318125003005,29,7,13,1,1,0,0,1,6,7,4,3,0,0,0
170318125003006,28,3,22,0,0,2,0,0,1,11,5,6,0,0,0
170318125003007,40,3,29,0,0,5,0,0,3,12,12,0,0,0,0
170318125003008,40,1,28,10,0,1,0,0,0,16,16,0,0,0,0
170318125003009,52,4,41,5,0,0,0,0,2,17,16,1,0,0,0
170318125003010,33,6,25,2,0,0,0,0,0,9,9,0,0,0,0
170318125003011,33,5,25,0,0,0,0,0,3,11,11,0,0,0,0
170318125003012,36,3,30,1,0,0,0,0,2,12,9,3,0,0,0
170318125003013,21,0,19,2,0,0,0,0,0,11,10,1,0,0,0
170318125003014,34,2,29,2,0,0,0,0,1,17,17,0,0,0,0
170318125003015,11,3,3,4,0,0,0,0,1,6,6,0,0,0,0
170318125003016,55,8,33,10,0,0,0,0,4,21,21,0,0,0,0
170318125003017,53,6,19,26,0,0,0,0,2,28,21,7,0,0,0
170318125003018,87,11,58,10,0,8,0,0,0,52,47,5,0,0,0
170318125003019,0,0,0,0,0,0,0,0,0,0,0,0,0,0,0
170318125003020,0,0,0,0,0,0,0,0,0,0,0,0,0,0,0
170318125003021,236,9,20,205,0,0,0,0,2,200,200,0,0,0,0
170318125003022,0,0,0,0,0,0,0,0,0,0,0,0,0,0,0
170318125003023,0,0,0,0,0,0,0,0,0,0,0,0,0,0,0
170318125003024,0,0,0,0,0,0,0,0,0,0,0,0,0,0,0
170318125003025,0,0,0,0,0,0,0,0,0,0,0,0,0,0,0
170318125004000,27,6,20,0,0,0,0,0,1,10,10,0,0,0,0
170318125004001,24,5,13,4,0,1,0,0,1,12,12,0,0,0,0
170318125004002,39,6,31,0,0,0,0,0,2,12,12,0,0,0,0
170318125004003,36,6,27,2,0,0,0,0,1,12,12,0,0,0,0
170318125004004,27,3,17,6,0,0,0,0,1,6,6,0,0,0,0
170318125004005,34,1,23,2,0,3,0,0,5,7,1,6,0,0,0
170318125004006,92,13,29,46,0,2,0,0,2,70,57,13,0,0,0
170318125004007,23,6,8,6,0,2,0,0,1,18,18,0,0,0,0
170318125004008,31,0,16,14,0,0,0,0,1,18,18,0,0,0,0
170318125004009,42,4,32,6,0,0,0,0,0,13,13,0,0,0,0
170318125004010,39,5,18,13,0,3,0,0,0,22,22,0,0,0,0
170318125004011,24,1,19,0,0,2,0,0,2,7,7,0,0,0,0
170318125004012,21,2,14,1,0,0,0,0,4,6,6,0,0,0,0
170318125004013,37,0,31,4,0,0,0,0,2,10,10,0,0,0,0
170318125004014,26,0,18,2,0,6,0,0,0,18,16,2,0,0,0
170318125004015,42,5,28,4,0,3,0,0,2,12,12,0,0,0,0
170318125004016,38,3,31,0,0,1,0,1,2,12,12,0,0,0,0
170318125004017,63,2,45,15,0,0,0,0,1,38,38,0,0,0,0
170318125004018,111,13,56,23,1,8,0,0,10,61,61,0,0,0,0
170318125004019,30,5,22,1,0,0,0,0,2,11,11,0,0,0,0
170318125004020,38,0,33,3,0,1,0,0,1,9,8,1,0,0,0
170318125004021,26,1,20,0,0,0,0,0,5,9,5,4,0,0,0
170318126001000,307,27,102,167,0,3,0,1,7,248,224,24,0,0,0
170318126001001,65,6,21,22,0,10,0,0,6,53,53,0,0,0,0
170318126001002,38,3,17,13,2,0,0,2,1,13,5,8,0,0,0
170318126001003,43,12,23,2,0,3,0,0,3,16,16,0,0,0,0
170318126001004,8,4,0,0,0,0,0,0,4,4,3,1,0,0,0
170318126001005,55,7,36,0,0,0,0,3,9,14,14,0,0,0,0
170318126001006,42,2,30,6,0,0,0,3,1,32,27,5,0,0,0
170318126001007,37,3,20,14,0,0,0,0,0,15,15,0,0,0,0
170318126001008,44,7,29,1,0,3,0,0,4,13,13,0,0,0,0
170318126001009,71,17,34,7,0,2,0,0,11,17,17,0,0,0,0
170318126001010,33,7,25,0,0,1,0,0,0,9,8,1,0,0,0
170318126001011,24,6,17,0,0,0,0,0,1,8,8,0,0,0,0
170318126001012,42,14,16,12,0,0,0,0,0,9,9,0,2,0,0
170318126002000,122,5,36,78,0,0,0,0,3,61,48,13,0,0,0
170318126002001,43,8,32,2,0,0,0,0,1,11,11,0,0,0,0
170318126002002,30,2,26,0,0,0,0,0,2,10,9,1,0,0,0
170318126002003,91,6,66,13,0,1,0,0,5,30,29,1,0,0,0
170318126002004,38,3,30,0,0,0,0,0,5,13,11,2,0,0,0
170318126002005,85,18,17,19,0,9,0,0,22,51,51,0,0,0,0
170318126002006,83,0,49,31,1,0,0,0,2,54,51,3,0,0,0
170318126002007,121,7,28,74,0,7,0,2,3,86,67,19,0,0,0
170318126002008,185,10,65,99,0,2,0,2,7,106,106,0,5,0,0
170318126002009,108,13,60,26,0,2,0,0,7,54,49,5,0,0,0
170318126002010,19,6,0,8,0,4,0,1,0,2,2,0,0,0,0
170318126002011,75,4,17,47,0,0,0,0,7,35,35,0,8,0,0
170318126002012,101,8,55,32,0,0,0,1,5,60,58,2,0,0,0
170318126002013,64,10,33,19,0,1,0,1,0,49,44,5,0,0,0
170318126002014,33,9,1,14,0,0,0,4,5,12,12,0,0,0,0
170318126002015,19,8,0,8,1,0,0,0,2,6,6,0,3,0,0
170318126003000,34,4,19,2,0,0,0,7,2,10,10,0,0,0,0
170318126003001,49,0,32,3,0,7,0,2,5,15,15,0,0,0,0
170318126003002,80,2,31,27,0,12,0,0,8,45,41,4,0,0,0
170318126003003,52,9,33,1,0,6,0,1,2,20,20,0,0,0,0
170318126003004,45,8,28,4,0,0,0,0,5,12,11,1,0,0,0
170318126003005,30,2,20,1,0,3,0,0,4,8,8,0,0,0,0
170318126003006,64,11,31,13,0,5,0,0,4,30,30,0,0,0,0
170318126003007,115,13,66,19,0,8,0,0,9,84,78,6,0,0,0
170318126003008,93,6,46,40,0,0,0,0,1,68,68,0,0,0,0
170318126003009,186,16,77,60,0,24,0,0,9,122,109,13,0,0,0
170318126003010,148,5,95,43,0,1,0,0,4,109,95,14,0,0,0
170318126003011,0,0,0,0,0,0,0,0,0,0,0,0,0,0,0
170318126003012,52,9,9,28,0,5,0,0,1,29,16,13,0,0,0
170318126003013,0,0,0,0,0,0,0,0,0,0,0,0,0,0,0
170318126003014,102,19,25,53,0,2,0,0,3,60,60,0,0,0,0
170318126003015,28,1,11,10,0,1,0,0,5,10,10,0,0,0,0
170318126004000,126,9,76,24,0,5,0,2,10,86,86,0,0,0,0
170318126004001,113,20,53,26,0,11,0,0,3,68,68,0,0,0,0
170318126004002,119,17,56,20,0,17,2,0,7,65,65,0,0,0,0
170318126004003,57,3,35,9,0,9,0,0,1,29,29,0,0,0,0
170318126004004,47,2,33,9,0,3,0,0,0,27,27,0,0,0,0
170318126004005,34,1,29,0,0,0,0,0,4,19,19,0,0,0,0
170318126004006,32,7,20,2,0,1,0,0,2,9,9,0,0,0,0
170318126004007,72,15,27,26,0,0,0,0,4,36,36,0,0,0,0
170318126004008,41,3,25,4,0,0,0,0,9,12,12,0,0,0,0
170318126004009,45,6,33,5,0,0,0,1,0,15,15,0,0,0,0
170318126004010,38,3,20,2,0,1,0,0,12,10,2,8,0,0,0
170318126004011,32,1,23,3,0,4,0,0,1,9,9,0,0,0,0
170318126004012,38,16,19,2,0,0,0,1,0,14,14,0,0,0,0
170318127001000,58,11,24,13,0,7,0,0,3,39,39,0,0,0,0
170318127001001,77,5,53,15,0,3,0,0,1,67,53,14,0,0,0
170318127001002,22,1,16,1,0,3,0,0,1,9,9,0,0,0,0
170318127001003,31,3,21,0,0,4,0,0,3,12,11,1,0,0,0
170318127001004,50,1,38,0,0,3,0,0,8,14,14,0,0,0,0
170318127001005,31,3,14,7,0,0,0,2,5,11,11,0,0,0,0
170318127001006,30,3,23,0,0,0,0,0,4,9,9,0,0,0,0
170318127001007,33,3,30,0,0,0,0,0,0,10,10,0,0,0,0
170318127001008,67,7,29,18,0,0,0,2,11,16,16,0,0,0,0
170318127001009,27,3,19,2,0,0,0,1,2,7,7,0,0,0,0
170318127001010,41,2,28,0,0,3,0,0,8,8,4,4,0,0,0
170318127001011,27,4,15,3,0,1,0,0,4,7,7,0,0,0,0
170318127001012,30,9,16,2,0,2,0,0,1,9,9,0,0,0,0
170318127001013,99,11,53,22,0,12,0,0,1,73,68,5,0,0,0
170318127001014,37,0,31,6,0,0,0,0,0,25,19,6,0,0,0
170318127001015,83,26,41,5,0,11,0,0,0,48,43,5,0,0,0
170318127001016,180,16,65,79,0,14,0,1,5,105,102,3,0,0,0
170318127001017,75,12,17,28,0,12,0,0,6,35,35,0,0,0,0
170318127001018,65,6,34,17,0,8,0,0,0,25,25,0,0,0,0
170318127002000,21,1,14,5,0,0,0,0,1,22,21,1,0,0,0
170318127002001,70,9,33,7,0,14,0,0,7,37,36,1,0,0,0
170318127002002,56,0,42,3,0,1,0,0,10,15,15,0,0,0,0
170318127002003,49,7,33,8,0,1,0,0,0,26,23,3,15,0,0
170318127002004,52,6,30,5,0,7,0,0,4,8,1,7,0,0,0
170318127002005,20,6,12,1,0,0,0,0,1,7,7,0,0,0,0
170318127002006,40,5,24,5,0,0,0,0,6,13,13,0,0,0,0
170318127002007,45,3,33,2,0,0,0,0,7,22,22,0,0,0,0
170318127002008,51,4,31,5,0,7,0,0,4,12,12,0,0,0,0
170318127002009,41,7,32,0,0,2,0,0,0,14,10,4,0,0,0
170318127002010,30,2,19,0,0,1,0,3,5,10,10,0,0,0,0
170318127002011,19,0,17,0,0,0,0,0,2,7,7,0,0,0,0
170318127002012,84,3,45,21,0,12,0,0,3,43,42,1,0,0,0
170318127002013,40,5,31,3,0,0,0,0,1,21,17,4,0,0,0
170318127002014,99,6,69,9,0,11,0,0,4,68,55,13,0,0,0
170318127002015,64,9,35,12,0,5,0,0,3,47,47,0,0,0,0
170318127002016,0,0,0,0,0,0,0,0,0,0,0,0,0,0,0
170318127002017,76,0,57,12,0,4,0,0,3,43,43,0,0,0,0
170318127002018,52,4,20,25,0,1,0,1,1,37,37,0,0,0,0
170318127002019,0,0,0,0,0,0,0,0,0,0,0,0,0,0,0
170318127002020,33,3,13,11,0,6,0,0,0,21,21,0,0,0,0
170318127003000,42,1,25,11,0,0,0,0,5,30,30,0,0,0,0
170318127003001,32,5,21,3,0,3,0,0,0,14,13,1,0,0,0
170318127003002,32,7,23,0,0,0,0,1,1,8,8,0,0,0,0
170318127003003,37,3,21,5,0,0,0,0,8,8,8,0,0,0,0
170318127003004,36,6,26,0,0,0,0,0,4,11,8,3,0,0,0
170318127003005,31,0,30,0,0,0,0,0,1,10,10,0,0,0,0
170318127003006,40,5,33,0,0,0,0,0,2,10,10,0,0,0,0
170318127003007,38,5,20,2,0,5,0,0,6,12,12,0,0,0,0
170318127003008,43,2,18,13,0,5,0,0,5,25,25,0,0,0,0
170318127003009,137,6,78,32,0,18,0,0,3,117,117,0,0,0,0
170318127003010,165,9,125,25,0,2,0,0,4,85,85,0,0,0,0
170318127003011,66,10,35,6,0,6,0,3,6,33,29,4,0,0,0
170318127003012,80,5,60,13,0,0,0,0,2,29,16,13,0,0,0
170318127003013,84,6,25,47,0,6,0,0,0,73,73,0,0,0,0
170318127003014,69,5,42,7,0,5,0,4,6,58,45,13,0,0,0
170318127003015,176,3,128,30,0,6,0,0,9,193,175,18,0,0,0
170318127003016,79,11,27,33,0,7,0,0,1,46,46,0,0,0,0
170318128011000,161,17,100,21,0,8,0,4,11,80,66,14,0,0,0
170318128011001,86,9,57,12,0,3,0,2,3,50,46,4,0,0,0
170318128011002,86,19,39,20,0,3,0,0,5,62,62,0,20,0,0
170318128011003,304,34,177,41,1,34,0,0,17,297,213,84,0,0,0
170318128011004,375,22,241,87,0,17,0,0,8,327,319,8,0,0,0
170318128011005,27,5,7,0,0,6,0,0,9,10,5,5,0,0,0
170318128011006,85,20,41,9,0,8,0,1,6,53,48,5,0,0,0
170318128011007,177,14,103,36,0,22,0,0,2,151,137,14,0,0,0
170318128011008,66,11,31,12,0,5,0,1,6,43,43,0,0,0,0
170318128011009,84,6,48,26,0,3,0,0,1,44,44,0,0,0,0
170318128011010,65,9,31,4,0,15,0,0,6,22,22,0,0,0,0
170318128011011,73,11,26,31,0,3,0,0,2,43,25,18,0,0,0
170318128011012,73,4,32,16,0,7,0,4,10,38,22,16,0,0,0
170318128011013,157,22,81,24,0,21,0,2,7,96,86,10,0,0,0
170318128011014,69,8,39,8,0,3,0,1,10,26,21,5,0,0,0
170318128011015,166,12,86,58,0,8,0,0,2,89,85,4,0,0,0
170318128011016,124,10,79,26,0,1,0,0,8,71,71,0,0,0,0
170318128011017,163,18,76,64,0,2,0,0,3,97,97,0,0,0,0
170318128011018,34,4,14,3,0,12,0,0,1,10,10,0,0,0,0
170318128012000,295,16,183,65,0,20,0,1,10,316,213,103,0,0,0
170318128012001,194,19,109,45,0,16,0,0,5,107,93,14,0,0,0
170318128012002,100,14,52,17,0,4,0,0,13,67,49,18,0,0,0
170318128012003,228,36,110,46,1,19,0,0,16,127,120,7,0,0,0
170318128012004,119,10,62,36,0,6,0,1,4,104,101,3,0,0,0
170318128012005,76,10,26,34,0,0,0,3,3,43,43,0,0,0,0
170318128021000,85,4,46,29,0,4,0,0,2,73,63,10,0,0,0
170318128021001,30,11,7,5,0,2,0,3,2,42,6,36,0,0,0
170318128021002,170,7,132,1,0,18,0,0,12,73,66,7,0,0,0
170318128021003,86,5,54,11,0,3,0,0,13,51,51,0,0,0,0
170318128021004,71,7,54,7,0,0,0,0,3,47,47,0,0,0,0
170318128021005,91,9,41,29,0,8,0,0,4,63,55,8,0,0,0
170318128021006,117,3,48,52,0,13,0,0,1,60,58,2,0,0,0
170318128022000,69,6,37,13,0,5,0,0,8,51,51,0,0,0,0
170318128022001,50,2,28,6,0,11,0,0,3,27,16,11,0,0,0
170318128022002,33,1,27,2,0,2,0,0,1,22,22,0,0,0,0
170318128022003,52,11,38,0,0,0,0,0,3,22,22,0,0,0,0
170318128022004,121,17,82,11,0,9,0,0,2,67,65,2,0,0,0
170318128022005,181,9,130,34,0,6,0,0,2,107,103,4,0,0,0
170318128022006,78,5,51,9,0,6,0,1,6,37,37,0,0,0,0
170318128022007,43,5,26,8,0,0,0,0,4,14,14,0,0,0,0
170318128022008,34,0,24,1,0,4,0,2,3,15,15,0,0,0,0
170318128022009,96,10,47,28,0,3,0,0,8,55,54,1,0,0,0
170318128023000,161,29,101,15,0,13,0,0,3,130,103,27,0,0,0
170318128023001,63,8,37,6,0,4,0,1,7,33,33,0,0,0,0
170318128023002,112,11,51,36,0,0,0,0,14,52,52,0,0,0,0
170318128023003,123,18,86,9,1,0,0,4,5,67,67,0,0,0,0
170318128023004,21,4,11,0,0,0,0,0,6,4,4,0,0,0,0
170318128023005,123,9,40,65,0,6,0,0,3,77,77,0,0,0,0
170318128023006,99,0,51,38,0,0,0,0,10,75,71,4,0,0,0
170318128023007,17,1,15,0,0,0,0,1,0,11,7,4,0,0,0
170318128023008,119,10,83,25,0,0,0,0,1,77,77,0,0,0,0
170318128023009,120,22,59,33,0,1,0,0,5,68,68,0,0,0,0
170318128023010,44,2,30,0,0,9,0,2,1,8,8,0,0,0,0
170318128023011,60,3,33,17,0,0,0,5,2,40,33,7,0,0,0
170318128023012,52,3,34,9,0,6,0,0,0,38,38,0,0,0,0
170318129001000,17,4,5,4,0,3,0,0,1,6,6,0,0,0,0
170318129001001,10,5,4,0,0,0,0,0,1,3,3,0,0,0,0
170318129001002,22,3,6,10,0,0,0,0,3,7,7,0,0,0,0
170318129001003,19,1,4,6,0,8,0,0,0,16,16,0,0,0,0
170318129001004,35,1,31,0,0,0,0,1,2,11,11,0,0,0,0
170318129001005,51,4,35,2,0,2,0,0,8,11,11,0,0,0,0
170318129001006,41,2,32,3,0,0,0,0,4,20,20,0,0,0,0
170318129001007,50,3,38,1,0,2,0,0,6,12,5,7,0,0,0
170318129001008,38,1,29,2,0,0,0,0,6,12,12,0,0,0,0
170318129001009,21,5,9,2,0,0,0,0,5,10,10,0,0,0,0
170318129001010,31,0,25,2,0,0,0,0,4,14,14,0,0,0,0
170318129001011,45,12,27,1,0,3,0,0,2,15,15,0,0,0,0
170318129001012,19,3,11,0,0,4,0,1,0,14,2,12,0,0,0
170318129001013,51,4,40,2,0,5,0,0,0,19,19,0,0,0,0
170318129001014,32,0,32,0,0,0,0,0,0,16,16,0,0,0,0
170318129001015,53,2,33,8,0,9,0,0,1,14,14,0,0,0,0
170318129001016,43,2,40,0,0,0,0,0,1,13,13,0,0,0,0
170318129001017,66,0,43,12,0,3,0,2,6,21,21,0,0,0,0
170318129001018,63,1,54,6,0,0,0,0,2,20,20,0,0,0,0
170318129001019,52,0,44,6,0,0,0,0,2,17,17,0,0,0,0
170318129001020,50,5,40,0,0,0,0,0,5,17,17,0,0,0,0
170318129001021,47,6,36,1,0,1,0,3,0,15,15,0,0,0,0
170318129001022,36,3,31,2,0,0,0,0,0,12,12,0,0,0,0
170318129001023,50,0,38,6,0,4,0,0,2,17,17,0,0,0,0
170318129002000,49,5,39,0,0,3,0,0,2,21,21,0,0,0,0
170318129002001,59,6,38,6,0,2,0,0,7,16,16,0,0,0,0
170318129002002,43,4,30,5,0,2,0,0,2,17,17,0,0,0,0
170318129002003,41,2,25,7,0,0,0,0,7,15,15,0,0,0,0
170318129002004,35,5,26,0,0,0,0,0,4,14,14,0,0,0,0
170318129002005,56,1,51,0,0,1,0,0,3,18,17,1,0,0,0
170318129002006,68,14,35,12,0,2,0,3,2,44,44,0,0,0,0
170318129002007,71,7,57,4,0,3,0,0,0,22,22,0,0,0,0
170318129002008,43,4,32,1,0,1,0,0,5,13,4,9,0,0,0
170318129002009,44,7,28,3,0,6,0,0,0,15,15,0,0,0,0
170318129002010,37,3,16,9,0,6,0,0,3,16,12,4,0,0,0
170318129002011,45,6,34,3,0,0,0,0,2,16,16,0,0,0,0
170318129002012,56,1,45,3,0,4,0,0,3,18,17,1,0,0,0
170318129002013,104,7,61,29,0,4,0,0,3,75,75,0,0,0,0
170318129002014,38,12,21,4,0,0,0,1,0,15,8,7,4,0,0
170318129002015,34,1,30,2,0,0,0,0,1,11,11,0,0,0,0
170318129002016,40,1,35,0,0,0,0,0,4,9,9,0,0,0,0
170318129002017,82,7,70,3,0,0,0,0,2,42,42,0,0,0,0
170318129002018,42,1,31,7,0,2,0,0,1,23,23,0,0,0,0
170318129002019,38,5,23,5,0,1,0,0,4,10,10,0,0,0,0
170318129002020,61,12,30,10,0,2,0,0,7,33,33,0,0,0,0
170318129002021,0,0,0,0,0,0,0,0,0,0,0,0,0,0,0
170318129003000,0,0,0,0,0,0,0,0,0,0,0,0,0,0,0
170318129003001,0,0,0,0,0,0,0,0,0,0,0,0,0,0,0
170318129003002,36,5,24,7,0,0,0,0,0,13,13,0,0,0,0
170318129003003,26,3,15,5,0,3,0,0,0,8,8,0,0,0,0
170318129003004,61,4,40,8,0,4,0,0,5,17,17,0,0,0,0
170318129003005,46,2,43,0,0,1,0,0,0,20,16,4,0,0,0
170318129003006,27,2,24,0,0,1,0,0,0,9,9,0,0,0,0
170318129003007,33,1,29,2,0,0,0,0,1,10,10,0,0,0,0
170318129003008,33,0,21,3,0,2,0,0,7,10,10,0,0,0,0
170318129003009,30,7,16,2,0,5,0,0,0,9,9,0,0,0,0
170318129003010,63,2,55,1,0,1,0,0,4,19,19,0,0,0,0
170318129003011,44,7,28,5,0,1,0,0,3,13,6,7,0,0,0
170318129003012,20,1,10,0,0,5,0,0,4,12,12,0,0,0,0
170318129003013,57,14,29,9,0,5,0,0,0,21,17,4,0,0,0
170318129003014,20,6,13,1,0,0,0,0,0,13,12,1,0,0,0
170318129003015,38,3,32,3,0,0,0,0,0,18,17,1,0,0,0
170318129003016,36,0,33,0,0,1,0,0,2,12,12,0,0,0,0
170318129003017,38,0,38,0,0,0,0,0,0,16,16,0,0,0,0
170318129003018,50,3,33,4,0,6,0,0,4,22,22,0,0,0,0
170318129003019,47,0,30,13,0,0,0,0,4,19,17,2,0,0,0
170318129003020,39,0,37,2,0,0,0,0,0,17,10,7,0,0,0
170318129003021,88,7,48,20,0,4,0,0,9,58,58,0,0,0,0
170318129003022,24,2,17,3,0,1,0,0,1,12,12,0,0,0,0
170318129003023,31,1,17,12,0,1,0,0,0,32,32,0,0,0,0
170318129003024,34,4,23,0,0,6,0,0,1,10,10,0,0,0,0
170318129003025,52,8,30,6,0,0,0,0,8,18,18,0,0,0,0
170318129003026,67,3,56,1,0,4,0,0,3,33,33,0,0,0,0
170318129003027,22,4,16,2,0,0,0,0,0,10,10,0,0,0,0
170318129003028,49,5,32,3,0,5,0,3,1,10,10,0,0,0,0
170318129003029,63,1,46,7,0,4,0,0,5,26,26,0,0,0,0
170318129003030,41,1,25,9,0,2,0,0,4,16,14,2,0,0,0
170318129003031,79,4,56,8,0,7,0,0,4,41,41,0,0,0,0
170318129003032,43,4,29,5,0,3,0,0,2,21,21,0,0,0,0
170318129004000,26,5,16,1,0,0,0,0,4,8,8,0,0,0,0
170318129004001,18,0,11,0,0,7,0,0,0,5,0,5,0,0,0
170318129004002,10,4,5,0,0,1,0,0,0,4,4,0,0,0,0
170318129004003,131,2,107,10,0,8,0,0,4,99,38,61,95,95,0
170318129004004,0,0,0,0,0,0,0,0,0,0,0,0,0,0,0
170318129004005,24,3,20,0,0,0,0,0,1,12,12,0,0,0,0
170318129004006,15,0,10,2,0,0,0,0,3,7,7,0,0,0,0
170318129004007,51,6,44,1,0,0,0,0,0,12,12,0,0,0,0
170318129004008,15,0,12,0,0,1,0,0,2,6,6,0,0,0,0
170318129004009,29,3,23,0,0,0,0,0,3,10,5,5,0,0,0
170318129004010,33,3,27,2,0,0,0,0,1,8,7,1,0,0,0
170318129004011,36,1,31,0,0,3,0,0,1,10,2,8,0,0,0
170318129004012,38,1,32,0,0,0,0,0,5,9,7,2,0,0,0
170318129004013,42,4,35,3,0,0,0,0,0,15,15,0,0,0,0
170318129004014,66,10,49,4,0,0,0,0,3,16,16,0,0,0,0
170318129004015,54,3,44,3,0,0,0,0,4,16,16,0,0,0,0
170318129004016,13,3,10,0,0,0,0,0,0,9,9,0,0,0,0
170318129004017,65,4,22,27,0,11,0,0,1,38,38,0,0,0,0
170318129004018,45,1,35,6,0,0,0,0,3,16,16,0,0,0,0
170318129004019,45,1,27,12,0,1,0,0,4,13,13,0,0,0,0
170318129004020,69,6,53,2,0,0,0,3,5,45,35,10,0,0,0
170318129004021,41,6,31,0,0,0,0,0,4,14,14,0,0,0,0
170318129004022,55,9,32,3,0,2,0,0,9,13,13,0,0,0,0
170318129004023,43,8,25,3,0,4,0,0,3,18,18,0,0,0,0
170318129004024,105,10,46,18,0,28,0,0,3,78,72,6,0,0,0
170318129004025,0,0,0,0,0,0,0,0,0,0,0,0,0,0,0
170318129004026,50,11,26,6,0,3,0,1,3,20,20,0,7,7,7
170318129004027,32,7,22,0,0,2,0,0,1,11,11,0,0,0,0
170318129004028,38,3,34,0,0,0,0,0,1,12,12,0,0,0,0
170318129004029,46,8,21,10,0,6,0,1,0,18,13,5,0,0,0
170318129004030,35,2,29,0,0,3,0,0,1,10,10,0,0,0,0
170318129004031,43,6,33,4,0,0,0,0,0,12,11,1,0,0,0
170318129004032,19,0,18,1,0,0,0,0,0,6,6,0,0,0,0
170318129004033,0,0,0,0,0,0,0,0,0,0,0,0,0,0,0
170318129004034,41,1,37,0,0,1,0,0,2,12,12,0,0,0,0
170318129004035,35,3,22,3,0,0,0,0,7,12,12,0,0,0,0
170318129004036,31,2,26,0,0,2,0,1,0,9,9,0,0,0,0
170318129004037,34,9,20,4,0,0,0,0,1,16,16,0,0,0,0
170318129004038,8,0,4,0,0,0,0,0,4,4,4,0,0,0,0
170318130001000,0,0,0,0,0,0,0,0,0,0,0,0,0,0,0
170318130001001,28,7,16,3,0,0,1,0,1,10,6,4,0,0,0
170318130001002,15,5,2,6,0,2,0,0,0,4,0,4,0,0,0
170318130001003,30,5,13,9,0,1,0,0,2,14,14,0,0,0,0
170318130001004,26,0,21,0,0,0,0,1,4,13,10,3,0,0,0
170318130001005,52,7,25,12,0,4,0,0,4,15,15,0,0,0,0
170318130001006,36,6,14,14,0,0,0,1,1,16,16,0,0,0,0
170318130001007,50,4,23,20,0,0,0,0,3,14,14,0,0,0,0
170318130001008,153,8,36,105,0,2,0,0,2,86,76,10,0,0,0
170318130001009,66,7,44,4,0,0,0,2,9,15,15,0,0,0,0
170318130001010,28,1,13,4,0,4,0,0,6,15,15,0,0,0,0
170318130001011,51,4,40,3,0,3,1,0,0,21,21,0,0,0,0
170318130001012,23,8,3,4,0,0,0,0,8,13,13,0,0,0,0
170318130001013,0,0,0,0,0,0,0,0,0,0,0,0,0,0,0
170318130001014,0,0,0,0,0,0,0,0,0,0,0,0,0,0,0
170318130001015,72,11,50,4,0,1,0,0,6,17,17,0,0,0,0
170318130001016,54,4,38,8,0,2,0,0,2,19,18,1,0,0,0
170318130002000,211,21,70,103,0,8,0,3,6,164,147,17,0,0,0
170318130002001,39,0,26,9,0,0,0,3,1,18,18,0,0,0,0
170318130002002,37,5,24,4,0,2,0,0,2,16,16,0,0,0,0
170318130002003,45,4,35,6,0,0,0,0,0,17,17,0,0,0,0
170318130002004,68,12,34,11,0,0,0,3,8,16,10,6,0,0,0
170318130002005,84,14,38,11,0,10,0,2,9,22,19,3,0,0,0
170318130002006,62,8,35,11,0,2,0,0,6,16,14,2,0,0,0
170318130002007,33,5,21,0,0,2,0,0,5,17,17,0,0,0,0
170318130002008,43,2,34,2,2,3,0,0,0,25,25,0,0,0,0
170318130002009,52,9,28,12,0,0,0,1,2,20,20,0,0,0,0
170318130002010,60,6,29,19,0,0,0,0,6,17,17,0,0,0,0
170318130002011,63,0,39,16,0,5,0,1,2,29,23,6,0,0,0
170318130002012,47,0,43,3,0,1,0,0,0,22,22,0,0,0,0
170318130002013,45,0,22,17,0,1,0,2,3,24,24,0,0,0,0
170318130002014,33,2,23,6,0,1,0,0,1,21,21,0,0,0,0
170318130003000,41,4,28,0,0,5,0,0,4,16,16,0,0,0,0
170318130003001,60,4,42,1,0,6,0,0,7,17,17,0,0,0,0
170318130003002,50,0,40,6,0,1,0,0,3,20,20,0,0,0,0
170318130003003,54,7,33,4,0,1,0,0,9,21,21,0,0,0,0
170318130003004,47,10,29,1,0,4,0,0,3,20,15,5,0,0,0
170318130003005,40,9,17,9,0,4,0,0,1,10,10,0,0,0,0
170318130003006,58,2,37,12,0,0,0,0,7,16,16,0,0,0,0
170318130003007,50,13,23,9,0,0,0,0,5,18,18,0,0,0,0
170318130003008,31,1,22,1,0,6,0,0,1,14,14,0,0,0,0
170318130003009,44,0,36,3,0,5,0,0,0,18,17,1,0,0,0
170318130003010,61,5,45,2,2,2,0,0,5,18,18,0,0,0,0
170318130003011,56,4,46,0,0,0,0,0,6,18,18,0,0,0,0
170318130003012,58,0,41,2,0,5,0,0,10,16,16,0,0,0,0
170318130003013,42,2,27,5,0,0,0,0,8,15,15,0,0,0,0
170318130003014,63,4,36,13,0,6,0,0,4,26,26,0,0,0,0
170318130003015,16,2,9,0,0,1,0,0,4,5,5,0,0,0,0
170318130004000,0,0,0,0,0,0,0,0,0,0,0,0,0,0,0
170318130004001,60,12,36,9,0,0,0,0,3,21,21,0,0,0,0
170318130004002,53,8,28,9,0,1,0,0,7,18,18,0,0,0,0
170318130004003,0,0,0,0,0,0,0,0,0,0,0,0,0,0,0
170318130004004,0,0,0,0,0,0,0,0,0,0,0,0,0,0,0
170318130004005,65,14,38,7,0,3,0,0,3,22,22,0,0,0,0
170318130004006,50,9,28,9,0,0,0,0,4,22,22,0,0,0,0
170318130004007,59,2,44,11,0,1,0,0,1,16,16,0,0,0,0
170318130004008,54,2,32,18,0,1,0,0,1,16,16,0,0,0,0
170318130004009,51,2,40,8,0,0,0,1,0,18,18,0,0,0,0
170318130004010,74,12,39,17,0,5,0,0,1,33,33,0,0,0,0
170318130004011,54,1,35,18,0,0,0,0,0,22,17,5,0,0,0
170318130004012,35,3,23,2,0,6,0,0,1,16,16,0,0,0,0
170318130004013,41,5,19,14,0,0,0,0,3,29,29,0,0,0,0
170318130004014,83,5,50,23,0,5,0,0,0,59,53,6,0,0,0
170318130004015,64,4,17,36,0,3,0,0,4,31,31,0,0,0,0
170318130004016,0,0,0,0,0,0,0,0,0,0,0,0,0,0,0
170318130004017,60,13,43,4,0,0,0,0,0,21,21,0,0,0,0
170318130004018,45,4,33,1,0,0,0,0,7,17,17,0,0,0,0
170318130005000,0,0,0,0,0,0,0,0,0,0,0,0,0,0,0
170318130005001,0,0,0,0,0,0,0,0,0,0,0,0,0,0,0
170318130005002,28,0,27,1,0,0,0,0,0,10,10,0,0,0,0
170318130005003,46,0,38,4,0,0,0,2,2,12,3,9,0,0,0
170318130005004,35,0,25,5,0,0,0,0,5,10,0,10,0,0,0
170318130005005,39,6,20,0,0,2,0,0,11,11,11,0,0,0,0
170318130005006,46,8,38,0,0,0,0,0,0,15,15,0,0,0,0
170318130005007,43,1,36,2,0,0,0,0,4,12,12,0,0,0,0
170318130005008,41,5,28,2,0,1,0,0,5,13,13,0,0,0,0
170318130005009,45,6,29,4,0,3,0,0,3,15,15,0,0,0,0
170318130005010,48,2,40,5,0,0,0,0,1,14,12,2,0,0,0
170318130005011,51,2,37,1,0,2,0,0,9,14,14,0,0,0,0
170318130005012,56,8,44,4,0,0,0,0,0,13,13,0,0,0,0
170318130005013,31,1,29,1,0,0,0,0,0,14,14,0,0,0,0
170318130005014,33,2,26,0,0,0,0,0,5,14,14,0,0,0,0
170318130005015,55,5,39,5,0,6,0,0,0,27,27,0,0,0,0
170318130005016,50,1,45,0,0,0,0,0,4,13,11,2,0,0,0
170318130005017,63,4,43,13,0,3,0,0,0,14,14,0,0,0,0
170318131001000,46,10,9,21,1,3,0,0,2,20,20,0,0,0,0
170318131001001,129,14,47,58,0,5,0,0,5,101,101,0,0,0,0
170318131001002,87,7,36,43,0,0,0,0,1,53,44,9,0,0,0
170318131001003,123,17,53,47,0,3,0,1,2,92,91,1,0,0,0
170318131001004,39,8,14,10,0,1,0,0,6,14,14,0,0,0,0
170318131001005,32,9,12,6,0,0,0,0,5,7,7,0,0,0,0
170318131001006,30,3,7,9,0,7,0,0,4,5,5,0,0,0,0
170318131001007,11,0,0,9,0,1,0,0,1,6,6,0,0,0,0
170318131001008,0,0,0,0,0,0,0,0,0,0,0,0,0,0,0
170318131001009,0,0,0,0,0,0,0,0,0,0,0,0,0,0,0
170318131001010,0,0,0,0,0,0,0,0,0,0,0,0,0,0,0
170318131001011,0,0,0,0,0,0,0,0,0,0,0,0,0,0,0
170318131001012,77,19,26,27,0,0,0,0,5,33,17,16,0,0,0
170318131001013,44,12,4,22,0,6,0,0,0,32,30,2,0,0,0
170318131001014,80,19,14,37,0,0,0,5,5,26,26,0,0,0,0
170318131001015,43,9,26,4,0,0,0,0,4,13,13,0,0,0,0
170318131001016,33,1,23,3,1,4,0,0,1,11,11,0,0,0,0
170318131001017,22,4,16,1,0,0,0,0,1,10,10,0,0,0,0
170318131001018,32,5,10,16,0,0,0,0,1,11,11,0,0,0,0
170318131001019,25,5,14,2,0,0,0,0,4,8,8,0,0,0,0
170318131001020,128,7,26,82,0,2,0,3,8,94,94,0,0,0,0
170318131002000,242,2,35,185,0,7,2,0,11,131,131,0,0,0,0
170318131002001,36,3,30,1,0,0,0,0,2,18,14,4,0,0,0
170318131002002,53,6,24,18,0,2,0,0,3,18,18,0,0,0,0
170318131002003,39,2,27,8,0,1,0,0,1,18,18,0,0,0,0
170318131002004,58,10,27,14,0,7,0,0,0,20,8,12,0,0,0
170318131002005,60,10,30,14,0,2,0,0,4,19,14,5,0,0,0
170318131002006,42,11,19,6,0,3,0,0,3,14,12,2,3,0,0
170318131002007,65,4,33,28,0,0,0,0,0,30,30,0,0,0,0
170318131002008,38,6,28,3,0,0,0,0,1,14,14,0,0,0,0
170318131002009,40,3,31,2,1,1,0,0,2,13,13,0,0,0,0
170318131002010,43,9,20,2,0,7,0,0,5,15,15,0,0,0,0
170318131002011,47,4,23,14,1,0,0,0,5,16,16,0,0,0,0
170318131002012,35,3,24,5,0,0,0,0,3,15,15,0,0,0,0
170318131002013,65,1,13,45,0,2,0,2,2,23,22,1,0,0,0
170318131002014,21,3,8,9,0,0,0,1,0,11,11,0,0,0,0
170318131002015,0,0,0,0,0,0,0,0,0,0,0,0,0,0,0
170318131002016,12,2,6,1,0,1,0,0,2,8,8,0,0,0,0
170318131002017,31,4,8,17,0,0,0,0,2,13,13,0,0,0,0
170318131002018,39,10,12,16,0,0,0,0,1,29,29,0,0,0,0
170318131003000,61,7,32,12,0,6,0,0,4,18,18,0,0,0,0
170318131003001,52,6,34,4,0,4,0,0,4,19,19,0,0,0,0
170318131003002,65,6,41,3,1,6,0,0,8,21,16,5,0,0,0
170318131003003,37,5,26,4,0,2,0,0,0,19,19,0,0,0,0
170318131003004,47,12,23,7,0,0,0,0,5,21,16,5,0,0,0
170318131003005,55,3,34,7,0,3,0,0,8,17,17,0,0,0,0
170318131003006,29,5,15,8,0,0,0,0,1,6,6,0,0,0,0
170318131003007,44,3,29,7,0,0,0,0,5,16,15,1,0,0,0
170318131003008,31,1,19,0,0,2,0,0,9,18,11,7,0,0,0
170318131003009,60,1,38,15,0,2,0,0,4,18,18,0,0,0,0
170318131003010,36,2,12,22,0,0,0,0,0,17,17,0,0,0,0
170318131003011,40,0,32,8,0,0,0,0,0,16,16,0,0,0,0
170318131003012,51,2,35,6,0,5,0,0,3,17,14,3,0,0,0
170318131003013,45,0,39,0,0,1,0,0,5,14,14,0,0,0,0
170318131003014,68,0,46,19,0,0,0,0,3,18,16,2,0,0,0
170318131003015,10,1,4,5,0,0,0,0,0,1,1,0,0,0,0
170318131003016,7,2,1,1,0,0,0,0,3,2,2,0,0,0,0
170318131003017,0,0,0,0,0,0,0,0,0,0,0,0,0,0,0
170318131003018,10,1,5,0,0,3,0,0,1,4,0,4,0,0,0
170318131004000,19,2,9,2,0,4,0,0,2,7,7,0,0,0,0
170318131004001,49,7,21,9,0,12,0,0,0,24,24,0,0,0,0
170318131004002,47,9,23,15,0,0,0,0,0,44,43,1,0,0,0
170318131004003,28,4,14,5,0,0,0,0,5,16,16,0,0,0,0
170318131004004,21,8,6,5,0,1,0,0,1,8,8,0,0,0,0
170318131004005,8,0,3,4,1,0,0,0,0,2,2,0,0,0,0
170318131004006,0,0,0,0,0,0,0,0,0,0,0,0,0,0,0
170318131004007,47,2,2,32,0,6,0,0,5,17,17,0,0,0,0
170318131004008,13,8,0,4,0,1,0,0,0,3,3,0,0,0,0
170318131004009,0,0,0,0,0,0,0,0,0,0,0,0,0,0,0
170318131004010,0,0,0,0,0,0,0,0,0,0,0,0,0,0,0
170318131004011,0,0,0,0,0,0,0,0,0,0,0,0,0,0,0
170318131004012,0,0,0,0,0,0,0,0,0,0,0,0,0,0,0
170318131004013,0,0,0,0,0,0,0,0,0,0,0,0,0,0,0
170318131004014,55,7,35,7,0,4,0,0,2,18,18,0,0,0,0
170318131004015,80,6,48,13,0,3,0,0,10,31,31,0,0,0,0
170318131004016,80,4,53,13,0,8,0,0,2,40,40,0,0,0,0
170318131004017,47,10,21,14,0,2,0,0,0,20,18,2,0,0,0
170318131004018,58,13,35,5,0,2,0,0,3,20,20,0,0,0,0
170318131004019,55,5,28,16,0,5,0,0,1,20,20,0,0,0,0
170318131005000,54,9,19,19,0,7,0,0,0,20,17,3,0,0,0
170318131005001,89,11,57,10,1,4,0,0,6,35,35,0,0,0,0
170318131005002,87,10,49,8,0,11,0,0,9,40,40,0,0,0,0
170318131005003,59,2,54,0,0,0,0,0,3,24,24,0,0,0,0
170318131005004,154,10,119,19,0,5,0,0,1,57,53,4,0,0,0
170318131005005,54,5,40,7,0,1,0,0,1,19,19,0,0,0,0
170318131005006,52,3,38,0,0,4,0,0,7,19,19,0,0,0,0
170318131005007,47,12,22,9,0,0,0,0,4,14,14,0,0,0,0
170318131005008,39,7,27,2,0,1,0,0,2,16,16,0,0,0,0
170318131005009,44,4,24,3,0,4,0,0,9,14,14,0,0,0,0
170318131005010,73,8,29,18,0,3,0,0,15,17,17,0,0,0,0
170318131005011,55,7,34,0,0,10,0,0,4,18,18,0,0,0,0
170318131005012,64,5,47,7,0,0,0,0,5,18,18,0,0,0,0
170318131005013,61,15,33,3,0,4,0,0,6,18,18,0,0,0,0
170318131005014,40,6,31,0,0,1,0,0,2,19,19,0,0,0,0
170318131005015,59,6,46,0,0,1,1,0,5,20,20,0,0,0,0
170318131005016,54,5,34,6,0,2,0,0,7,16,16,0,0,0,0
170318131005017,53,9,32,4,0,2,0,0,6,18,18,0,0,0,0
170318131005018,52,4,32,9,0,0,0,4,3,18,18,0,0,0,0
170318131005019,55,7,38,4,0,4,0,0,2,21,21,0,0,0,0
170318131005020,52,12,28,0,0,4,0,1,7,14,4,10,0,0,0
170318131005021,79,12,22,28,0,9,0,0,8,54,50,4,0,0,0
170318131005022,0,0,0,0,0,0,0,0,0,0,0,0,0,0,0
170318131005023,0,0,0,0,0,0,0,0,0,0,0,0,0,0,0
170318132001000,0,0,0,0,0,0,0,0,0,0,0,0,0,0,0
170318132001001,0,0,0,0,0,0,0,0,0,0,0,0,0,0,0
170318132001002,0,0,0,0,0,0,0,0,0,0,0,0,0,0,0
170318132001003,31,3,3,23,0,0,0,1,1,29,29,0,0,0,0
170318132001004,65,20,30,11,0,1,0,0,3,32,28,4,0,0,0
170318132001005,83,13,56,8,0,2,0,0,4,60,60,0,0,0,0
170318132001006,38,6,15,7,0,8,0,0,2,9,9,0,0,0,0
170318132001007,35,2,25,7,0,0,0,0,1,12,12,0,0,0,0
170318132001008,37,4,25,3,0,0,0,0,5,7,7,0,0,0,0
170318132001009,32,2,18,2,0,6,0,0,4,12,12,0,0,0,0
170318132001010,44,10,22,8,0,3,0,0,1,6,6,0,0,0,0
170318132001011,56,6,10,29,0,2,0,4,5,52,52,0,0,0,0
170318132001012,70,14,33,19,0,0,0,0,4,40,36,4,0,0,0
170318132001013,31,5,25,0,0,1,0,0,0,13,13,0,0,0,0
170318132001014,60,6,35,2,0,7,0,4,6,16,15,1,0,0,0
170318132001015,62,2,44,13,0,1,0,0,2,21,21,0,0,0,0
170318132001016,50,5,40,2,0,0,0,0,3,17,17,0,0,0,0
170318132001017,51,5,36,9,0,0,0,0,1,16,16,0,0,0,0
170318132001018,47,6,32,4,0,0,0,0,5,16,16,0,0,0,0
170318132001019,45,2,34,6,0,1,0,0,2,15,15,0,0,0,0
170318132002000,30,0,24,1,0,1,0,2,2,16,16,0,0,0,0
170318132002001,53,5,40,0,0,1,0,0,7,18,18,0,0,0,0
170318132002002,53,3,45,4,0,0,0,0,1,16,16,0,0,0,0
170318132002003,55,4,49,0,0,0,0,0,2,16,16,0,0,0,0
170318132002004,50,2,39,0,0,5,0,0,4,17,17,0,0,0,0
170318132002005,58,5,42,4,0,4,0,0,3,16,11,5,0,0,0
170318132002006,49,1,44,1,0,0,0,0,3,16,16,0,0,0,0
170318132002007,97,15,49,17,0,9,0,0,7,43,42,1,0,0,0
170318132002008,121,13,60,36,0,10,0,0,2,85,85,0,0,0,0
170318132002009,48,4,39,1,0,0,0,0,4,19,19,0,0,0,0
170318132002010,0,0,0,0,0,0,0,0,0,0,0,0,0,0,0
170318132002011,24,1,23,0,0,0,0,0,0,12,12,0,0,0,0
170318132002012,58,14,19,23,0,2,0,0,0,18,18,0,0,0,0
170318132002013,56,1,42,7,0,6,0,0,0,19,19,0,0,0,0
170318132002014,42,9,32,0,0,0,0,0,1,14,14,0,0,0,0
170318132002015,57,2,20,28,0,5,0,0,2,19,19,0,0,0,0
170318132002016,9,3,2,0,0,0,0,3,1,1,1,0,0,0,0
170318132002017,0,0,0,0,0,0,0,0,0,0,0,0,0,0,0
170318132003000,100,13,23,41,0,19,0,0,4,39,38,1,0,0,0
170318132003001,60,0,48,6,0,1,0,0,5,17,8,9,0,0,0
170318132003002,31,2,11,3,0,3,0,3,9,8,8,0,0,0,0
170318132003003,39,4,28,5,0,0,0,1,1,16,15,1,0,0,0
170318132003004,58,6,52,0,0,0,0,0,0,19,19,0,0,0,0
170318132003005,42,12,27,0,0,0,0,1,2,17,17,0,0,0,0
170318132003006,44,6,28,0,0,5,0,0,5,14,14,0,0,0,0
170318132003007,44,9,25,6,0,3,0,0,1,12,12,0,0,0,0
170318132003008,162,17,87,39,0,6,0,0,13,53,51,2,0,0,0
170318132003009,71,1,25,30,0,9,0,1,5,29,29,0,0,0,0
170318132003010,77,9,44,13,0,8,0,0,3,29,29,0,0,0,0
170318132003011,34,5,25,0,0,3,0,1,0,14,14,0,0,0,0
170318132003012,71,7,35,24,0,3,0,0,2,39,34,5,0,0,0
170318132003013,0,0,0,0,0,0,0,0,0,0,0,0,0,0,0
170318132004000,49,7,34,8,0,0,0,0,0,22,22,0,0,0,0
170318132004001,65,8,23,28,0,4,0,0,2,27,27,0,0,0,0
170318132004002,69,5,45,6,0,10,0,0,3,29,29,0,0,0,0
170318132004003,56,4,23,28,0,0,0,0,1,32,32,0,0,0,0
170318132004004,49,8,37,0,0,1,0,0,3,16,5,11,0,0,0
170318132004005,50,5,38,0,0,0,0,0,7,12,12,0,0,0,0
170318132004006,42,5,30,0,0,6,0,0,1,12,12,0,0,0,0
170318132004007,40,6,20,2,0,0,0,1,11,12,12,0,0,0,0
170318132004008,43,9,23,1,0,6,0,3,1,12,12,0,0,0,0
170318132004009,41,7,25,5,0,0,0,0,4,16,16,0,0,0,0
170318132004010,45,4,41,0,0,0,0,0,0,19,19,0,0,0,0
170318132004011,120,21,74,18,0,3,0,0,4,69,69,0,0,0,0
170318132004012,44,1,23,7,0,9,0,2,2,28,28,0,0,0,0
170318132004013,63,6,48,0,0,7,0,0,2,21,21,0,0,0,0
170318132004014,35,0,35,0,0,0,0,0,0,13,13,0,0,0,0
170318132004015,48,12,20,6,0,6,0,0,4,14,14,0,0,0,0
170318132004016,46,2,36,3,0,3,0,1,1,18,18,0,0,0,0
170318132004017,49,3,40,1,0,1,0,0,4,16,16,0,0,0,0
170318132005000,0,0,0,0,0,0,0,0,0,0,0,0,0,0,0
170318132005001,0,0,0,0,0,0,0,0,0,0,0,0,0,0,0
170318132005002,0,0,0,0,0,0,0,0,0,0,0,0,0,0,0
170318132005003,0,0,0,0,0,0,0,0,0,0,0,0,0,0,0
170318132005004,0,0,0,0,0,0,0,0,0,0,0,0,0,0,0
170318132005005,30,3,11,5,0,7,0,0,4,6,6,0,0,0,0
170318132005006,13,3,5,4,0,0,0,1,0,7,7,0,0,0,0
170318132005007,0,0,0,0,0,0,0,0,0,0,0,0,0,0,0
170318132005008,0,0,0,0,0,0,0,0,0,0,0,0,0,0,0
170318132005009,24,2,21,0,0,0,0,0,1,14,13,1,0,0,0
170318132005010,49,1,35,4,0,4,0,0,5,13,13,0,0,0,0
170318132005011,37,1,32,0,0,3,0,0,1,14,14,0,0,0,0
170318132005012,48,5,30,5,0,1,0,0,7,16,16,0,0,0,0
170318132005013,44,0,38,0,0,0,0,0,6,12,12,0,0,0,0
170318132005014,22,3,18,0,0,0,0,0,1,14,14,0,0,0,0
170318132005015,68,7,52,1,0,2,0,0,6,16,16,0,0,0,0
170318132005016,52,4,38,4,0,2,0,0,4,16,15,1,0,0,0
170318132005017,75,1,61,6,0,1,0,0,6,16,16,0,0,0,0
170318132005018,53,3,48,0,0,0,0,0,2,18,17,1,0,0,0
170318132005019,50,3,40,0,0,6,0,0,1,16,12,4,0,0,0
170318132005020,44,3,29,5,0,6,0,0,1,24,24,0,0,0,0
170318132005021,0,0,0,0,0,0,0,0,0,0,0,0,0,0,0
170318132005022,56,13,35,4,0,0,0,0,4,17,17,0,0,0,0
170318132005023,47,0,38,0,0,0,0,0,9,12,12,0,0,0,0
170318132005024,40,5,31,0,0,0,0,1,3,14,14,0,0,0,0
170318132005025,62,9,48,4,0,1,0,0,0,17,17,0,0,0,0
170318132005026,50,5,33,6,0,3,0,0,3,16,16,0,0,0,0
170318132005027,50,7,35,2,0,3,0,0,3,15,7,8,0,0,0
170318132005028,39,8,30,0,0,0,0,0,1,13,13,0,0,0,0
170318132005029,65,1,48,6,0,2,0,1,7,23,23,0,0,0,0
170318132005030,4,0,2,0,0,0,0,0,2,2,2,0,0,0,0
170318132005031,36,13,14,0,0,1,0,0,8,13,13,0,0,0,0
170318132005032,33,4,26,0,1,0,0,0,2,13,9,4,0,0,0
170318132005033,7,5,0,0,0,0,0,0,2,1,1,0,0,0,0
